{"_step":8,"profiling/Time taken: GRPOTrainer.combined_reward_trl":16.45188118599981,"_runtime":37.14145923,"profiling/Time taken: GRPOTrainer._prepare_inputs":6.600999768124893e-06,"profiling/Time taken: GRPOTrainer._get_per_token_logps":0.03230613499908941,"_timestamp":1.7460237983345478e+09,"train/global_step":0,"profiling/Time taken: GRPOTrainer.compute_loss":0.09796456700132694,"_wandb":{"runtime":37}}