{
  "baseline_comparisons": {
    "reward_only": {
      "claude": {
        "combined": {
          "ablation_score": 0.7712150000000001,
          "baseline_score": 0.7825450000000004,
          "difference": -0.011330000000000284,
          "relative_change": -1.447840060316056,
          "effect_size": {
            "cohens_d": -0.11330000000000284,
            "interpretation": "negligible",
            "magnitude": 0.11330000000000284
          }
        },
        "ahimsa": {
          "ablation_score": 0.7854999999999994,
          "baseline_score": 0.8039166666666655,
          "difference": -0.01841666666666608,
          "relative_change": -2.29086762724156,
          "effect_size": {
            "cohens_d": -0.18416666666666082,
            "interpretation": "negligible",
            "magnitude": 0.18416666666666082
          }
        },
        "dharma": {
          "ablation_score": 0.9386000000000001,
          "baseline_score": 0.9353000000000001,
          "difference": 0.0032999999999999696,
          "relative_change": 0.3528279696354078,
          "effect_size": {
            "cohens_d": 0.032999999999999696,
            "interpretation": "negligible",
            "magnitude": 0.032999999999999696
          }
        },
        "helpfulness": {
          "ablation_score": 0.5337499999999998,
          "baseline_score": 0.5574999999999999,
          "difference": -0.02375000000000005,
          "relative_change": -4.260089686098664,
          "effect_size": {
            "cohens_d": -0.2375000000000005,
            "interpretation": "small",
            "magnitude": 0.2375000000000005
          }
        }
      },
      "gemini": {
        "combined": {
          "ablation_score": 0.8550000000000004,
          "baseline_score": 0.8599349999999992,
          "difference": -0.0049349999999988015,
          "relative_change": -0.5738805839974889,
          "effect_size": {
            "cohens_d": -0.049349999999988015,
            "interpretation": "negligible",
            "magnitude": 0.049349999999988015
          }
        },
        "ahimsa": {
          "ablation_score": 0.9142500000000001,
          "baseline_score": 0.9155000000000004,
          "difference": -0.0012500000000003064,
          "relative_change": -0.13653741125071608,
          "effect_size": {
            "cohens_d": -0.012500000000003064,
            "interpretation": "negligible",
            "magnitude": 0.012500000000003064
          }
        },
        "dharma": {
          "ablation_score": 0.9105000000000001,
          "baseline_score": 0.9249,
          "difference": -0.014399999999999968,
          "relative_change": -1.5569250729808592,
          "effect_size": {
            "cohens_d": -0.14399999999999968,
            "interpretation": "negligible",
            "magnitude": 0.14399999999999968
          }
        },
        "helpfulness": {
          "ablation_score": 0.72175,
          "baseline_score": 0.7177500000000001,
          "difference": 0.0039999999999998925,
          "relative_change": 0.5572971090212319,
          "effect_size": {
            "cohens_d": 0.039999999999998925,
            "interpretation": "negligible",
            "magnitude": 0.039999999999998925
          }
        }
      }
    },
    "policy_only": {
      "claude": {
        "combined": {
          "ablation_score": 0.73653,
          "baseline_score": 0.7825450000000004,
          "difference": -0.04601500000000036,
          "relative_change": -5.880173025193482,
          "effect_size": {
            "cohens_d": -0.4601500000000036,
            "interpretation": "small",
            "magnitude": 0.4601500000000036
          }
        },
        "ahimsa": {
          "ablation_score": 0.7948333333333334,
          "baseline_score": 0.8039166666666655,
          "difference": -0.009083333333332111,
          "relative_change": -1.1298849383226441,
          "effect_size": {
            "cohens_d": -0.09083333333332111,
            "interpretation": "negligible",
            "magnitude": 0.09083333333332111
          }
        },
        "dharma": {
          "ablation_score": 0.8342,
          "baseline_score": 0.9353000000000001,
          "difference": -0.10110000000000008,
          "relative_change": -10.809365978830328,
          "effect_size": {
            "cohens_d": -1.0110000000000008,
            "interpretation": "large",
            "magnitude": 1.0110000000000008
          }
        },
        "helpfulness": {
          "ablation_score": 0.548,
          "baseline_score": 0.5574999999999999,
          "difference": -0.009499999999999842,
          "relative_change": -1.704035874439434,
          "effect_size": {
            "cohens_d": -0.09499999999999842,
            "interpretation": "negligible",
            "magnitude": 0.09499999999999842
          }
        }
      },
      "gemini": {
        "combined": {
          "ablation_score": 0.7828999999999999,
          "baseline_score": 0.8599349999999992,
          "difference": -0.0770349999999993,
          "relative_change": -8.958235215452257,
          "effect_size": {
            "cohens_d": -0.770349999999993,
            "interpretation": "medium",
            "magnitude": 0.770349999999993
          }
        },
        "ahimsa": {
          "ablation_score": 0.8710000000000007,
          "baseline_score": 0.9155000000000004,
          "difference": -0.04449999999999976,
          "relative_change": -4.860731840524275,
          "effect_size": {
            "cohens_d": -0.4449999999999976,
            "interpretation": "small",
            "magnitude": 0.4449999999999976
          }
        },
        "dharma": {
          "ablation_score": 0.7669999999999999,
          "baseline_score": 0.9249,
          "difference": -0.15790000000000015,
          "relative_change": -17.072115904422112,
          "effect_size": {
            "cohens_d": -1.5790000000000015,
            "interpretation": "large",
            "magnitude": 1.5790000000000015
          }
        },
        "helpfulness": {
          "ablation_score": 0.7160000000000002,
          "baseline_score": 0.7177500000000001,
          "difference": -0.0017499999999999183,
          "relative_change": -0.24381748519678414,
          "effect_size": {
            "cohens_d": -0.017499999999999183,
            "interpretation": "negligible",
            "magnitude": 0.017499999999999183
          }
        }
      }
    }
  },
  "ablation_comparisons": {
    "claude": {
      "combined": {
        "reward_only_score": 0.7712150000000001,
        "policy_only_score": 0.73653,
        "difference": 0.03468500000000008,
        "relative_difference": 4.709244701505719,
        "effect_size": {
          "cohens_d": 0.34685000000000077,
          "interpretation": "small",
          "magnitude": 0.34685000000000077
        },
        "better_performer": "reward_only"
      },
      "ahimsa": {
        "reward_only_score": 0.7854999999999994,
        "policy_only_score": 0.7948333333333334,
        "difference": -0.00933333333333397,
        "relative_difference": -1.1742503669533197,
        "effect_size": {
          "cohens_d": -0.09333333333333971,
          "interpretation": "negligible",
          "magnitude": 0.09333333333333971
        },
        "better_performer": "policy_only"
      },
      "dharma": {
        "reward_only_score": 0.9386000000000001,
        "policy_only_score": 0.8342,
        "difference": 0.10440000000000005,
        "relative_difference": 12.51498441620715,
        "effect_size": {
          "cohens_d": 1.0440000000000005,
          "interpretation": "large",
          "magnitude": 1.0440000000000005
        },
        "better_performer": "reward_only"
      },
      "helpfulness": {
        "reward_only_score": 0.5337499999999998,
        "policy_only_score": 0.548,
        "difference": -0.014250000000000207,
        "relative_difference": -2.600364963503687,